{
  "pairwise_acc_isolated": 0.7728,
  "pairwise_acc_full": 0.556,
  "official_score": 0,
  "params": [
    0.0,
    -0.03550025721645701,
    11.143569793664186,
    0.02122687218302096,
    0.0,
    0.00039157271151499213,
    0.002015033634264238,
    0.4587144869918988,
    0.1,
    24.808093957235574,
    0.0,
    0.2,
    0.0,
    0.0006177128106083521,
    0.20000034765646024,
    -0.2972391590419424,
    17.49103717880108,
    0.0,
    0.0,
    0.0,
    -0.0005557394024444369
  ]
}